<prezi xsi:schemaLocation="http://prezi.com/schema/prezi/2 http://prezi.com/schema/prezi/2" xmlns:xsi="http://www.w3.org/2001/XMLSchema-instance" version="2" xmlns="http://prezi.com/schema/prezi/2"><xFields><xField name="preziType"><xEnum type="PreziType" value="converted-from-core"/></xField></xFields><background><background><layers><array><backgroundImage><assetSourceFilename><string value="Comp 1_2.png"/></assetSourceFilename><depth><double value="24.06300608137902"/></depth><fadeScale><double value="0.0914266485475584"/></fadeScale><height><double value="1440"/></height><localToWorld><transform2D x="21851.12363254337" y="9957.961687960968" scale="77.75061562493687" rotation="0"/></localToWorld><onlineAssetId><string value="866501307"/></onlineAssetId><onlineAssetUrl><string value="http://0103.static.prezi.com.s3.amazonaws.com/media/f/2/5/b5a8e11dac4e34a231208a3a8637ffb268f32.png"/></onlineAssetUrl><width><double value="1615"/></width></backgroundImage></array></layers></background></background><documentStyle><documentStyle><fontClasses><array><fontClass><fontFamily><string value="NotoSans"/></fontFamily><name><string value="body"/></name></fontClass><fontClass><fontFamily><string value="Tinos"/></fontFamily><fontWeight><fontWeight value="bold"/></fontWeight><name><string value="head"/></name></fontClass><fontClass><fontFamily><string value="Tinos"/></fontFamily><fontWeight><fontWeight value="bold"/></fontWeight><name><string value="strong"/></name></fontClass></array></fontClasses><fontFamilies><array><fontFamily><fontFaces><array><fontFace><fontSrc><string value="NotoSans-Regular.keg"/></fontSrc></fontFace><fontFace><fontSrc><string value="NotoSans-Bold.keg"/></fontSrc><fontWeight><fontWeight value="bold"/></fontWeight></fontFace><fontFace><fontSrc><string value="NotoSans-Italic.keg"/></fontSrc><fontStyle><fontStyle value="italic"/></fontStyle></fontFace><fontFace><fontSrc><string value="NotoSans-BoldItalic.keg"/></fontSrc><fontStyle><fontStyle value="italic"/></fontStyle><fontWeight><fontWeight value="bold"/></fontWeight></fontFace></array></fontFaces><name><string value="NotoSans"/></name></fontFamily><fontFamily><fontFaces><array><fontFace><fontSrc><string value="Tinos-Bold.keg"/></fontSrc><fontWeight><fontWeight value="bold"/></fontWeight></fontFace><fontFace><fontSrc><string value="Tinos-Bold.keg"/></fontSrc><fontWeight><fontWeight value="bold"/></fontWeight></fontFace><fontFace><fontSrc><string value="Tinos-BoldItalic.keg"/></fontSrc><fontStyle><fontStyle value="italic"/></fontStyle><fontWeight><fontWeight value="bold"/></fontWeight></fontFace><fontFace><fontSrc><string value="Tinos-Regular.keg"/></fontSrc></fontFace><fontFace><fontSrc><string value="Tinos-Italic.keg"/></fontSrc><fontStyle><fontStyle value="italic"/></fontStyle></fontFace></array></fontFaces><name><string value="Tinos"/></name></fontFamily></array></fontFamilies><styleDeclarations><array><styleDeclaration><styleBlock><styleBlock><gradEndAlpha><double value="0.7"/></gradEndAlpha><gradStartAlpha><double value="0.5"/></gradStartAlpha></styleBlock></styleBlock><styleSelector><simpleSelector value="zCircle"/></styleSelector></styleDeclaration><styleDeclaration><styleBlock><styleBlock><borderColor><color value="#FFFFFF"/></borderColor><color><color value="#FFFFFF"/></color><fillType><fillType value="linear"/></fillType><gradEndColor><color value="#FFFFFF"/></gradEndColor><gradStartColor><color value="#FFFFFF"/></gradStartColor></styleBlock></styleBlock><styleSelector><simpleSelector value="*.line1"/></styleSelector></styleDeclaration><styleDeclaration><styleBlock><styleBlock><borderColor><color value="#7A4780"/></borderColor><color><color value="#7A4780"/></color><fillType><fillType value="linear"/></fillType><gradEndColor><color value="#7A4780"/></gradEndColor><gradStartColor><color value="#7A4780"/></gradStartColor></styleBlock></styleBlock><styleSelector><simpleSelector value="*.line2"/></styleSelector></styleDeclaration><styleDeclaration><styleBlock><styleBlock><borderColor><color value="#402776"/></borderColor><color><color value="#402776"/></color><fillType><fillType value="linear"/></fillType><gradEndColor><color value="#402776"/></gradEndColor><gradStartColor><color value="#402776"/></gradStartColor></styleBlock></styleBlock><styleSelector><simpleSelector value="*.line3"/></styleSelector></styleDeclaration><styleDeclaration><styleBlock><styleBlock><borderColor><color value="#A3CBE6"/></borderColor><color><color value="#A3CBE6"/></color><fillType><fillType value="linear"/></fillType><gradEndColor><color value="#F3347C"/></gradEndColor><gradStartColor><color value="#F3347C"/></gradStartColor></styleBlock></styleBlock><styleSelector><simpleSelector value="*.line4"/></styleSelector></styleDeclaration><styleDeclaration><styleBlock><styleBlock><borderColor><color value="#21BFF2"/></borderColor><color><color value="#21BFF2"/></color><fillType><fillType value="linear"/></fillType><gradEndColor><color value="#21BFF2"/></gradEndColor><gradStartColor><color value="#21BFF2"/></gradStartColor></styleBlock></styleBlock><styleSelector><simpleSelector value="*.line5"/></styleSelector></styleDeclaration><styleDeclaration><styleBlock><styleBlock><borderColor><color value="#3682A2"/></borderColor><borderThickness><double value="9"/></borderThickness><color><color value="#5F7DA5"/></color><fillType><fillType value="linear"/></fillType><gradEndColor><color value="#FFFFFF"/></gradEndColor><gradStartColor><color value="#FFFFFF"/></gradStartColor></styleBlock></styleBlock><styleSelector><simpleSelector value="*.poly1"/></styleSelector></styleDeclaration><styleDeclaration><styleBlock><styleBlock><borderColor><color value="#7A4780"/></borderColor><borderThickness><double value="0"/></borderThickness><color><color value="#5F7DA5"/></color><fillType><fillType value="linear"/></fillType><gradEndColor><color value="#7A4780"/></gradEndColor><gradStartColor><color value="#7A4780"/></gradStartColor></styleBlock></styleBlock><styleSelector><simpleSelector value="*.poly2"/></styleSelector></styleDeclaration><styleDeclaration><styleBlock><styleBlock><borderColor><color value="#402776"/></borderColor><borderThickness><double value="0"/></borderThickness><color><color value="#5F7DA5"/></color><fillType><fillType value="linear"/></fillType><gradEndColor><color value="#402776"/></gradEndColor><gradStartColor><color value="#402776"/></gradStartColor></styleBlock></styleBlock><styleSelector><simpleSelector value="*.poly3"/></styleSelector></styleDeclaration><styleDeclaration><styleBlock><styleBlock><borderColor><color value="#A3CBE6"/></borderColor><borderThickness><double value="0"/></borderThickness><color><color value="#5F7DA5"/></color><fillType><fillType value="linear"/></fillType><gradEndColor><color value="#F3347C"/></gradEndColor><gradStartColor><color value="#F3347C"/></gradStartColor></styleBlock></styleBlock><styleSelector><simpleSelector value="*.poly4"/></styleSelector></styleDeclaration><styleDeclaration><styleBlock><styleBlock><borderColor><color value="#21BFF2"/></borderColor><borderThickness><double value="9"/></borderThickness><color><color value="#5F7DA5"/></color><fillType><fillType value="linear"/></fillType><gradEndColor><color value="#21BFF2"/></gradEndColor><gradStartColor><color value="#21BFF2"/></gradStartColor></styleBlock></styleBlock><styleSelector><simpleSelector value="*.poly5"/></styleSelector></styleDeclaration><styleDeclaration><styleBlock><styleBlock><fillType><fillType value="linear"/></fillType><gradEndColor><color value="#44466D"/></gradEndColor><gradStartColor><color value="#7AB5DD"/></gradStartColor></styleBlock></styleBlock><styleSelector><simpleSelector value="background"/></styleSelector></styleDeclaration><styleDeclaration><styleBlock><styleBlock><borderAlpha><double value="0"/></borderAlpha><borderColor><color value="#FFFFFF"/></borderColor><borderThickness><double value="1"/></borderThickness><fillType><fillType value="linear"/></fillType><gradEndAlpha><double value="0"/></gradEndAlpha><gradEndColor><color value="#FFFFFF"/></gradEndColor><gradStartAlpha><double value="1"/></gradStartAlpha><gradStartColor><color value="#FFFFFF"/></gradStartColor><thickness><double value="10"/></thickness></styleBlock></styleBlock><styleSelector><simpleSelector value="zArrow"/></styleSelector></styleDeclaration><styleDeclaration><styleBlock><styleBlock><borderAlpha><double value="0"/></borderAlpha><gradEndAlpha><double value="1"/></gradEndAlpha><gradStartAlpha><double value="1"/></gradStartAlpha><radius><double value="0"/></radius><thickness><double value="100"/></thickness></styleBlock></styleBlock><styleSelector><simpleSelector value="zCircle"/></styleSelector></styleDeclaration><styleDeclaration><styleBlock><styleBlock><color><color value="#FFFFFF"/></color></styleBlock></styleBlock><styleSelector><simpleSelector value="zPencil"/></styleSelector></styleDeclaration><styleDeclaration><styleBlock><styleBlock><borderAlpha><double value="0"/></borderAlpha><borderColor><color value="#000000"/></borderColor><borderThickness><double value="0"/></borderThickness><fillType><fillType value="linear"/></fillType><gradEndAlpha><double value="0.4"/></gradEndAlpha><gradEndColor><color value="#000000"/></gradEndColor><gradStartAlpha><double value="0.4"/></gradStartAlpha><gradStartColor><color value="#000000"/></gradStartColor><thickness><double value="8"/></thickness></styleBlock></styleBlock><styleSelector><simpleSelector value="zBracketFrame"/></styleSelector></styleDeclaration><styleDeclaration><styleBlock><styleBlock><borderAlpha><double value="0"/></borderAlpha><borderColor><color value="#000000"/></borderColor><borderThickness><double value="0"/></borderThickness><fillType><fillType value="linear"/></fillType><gradEndAlpha><double value="0.4"/></gradEndAlpha><gradEndColor><color value="#402776"/></gradEndColor><gradStartAlpha><double value="0.85"/></gradStartAlpha><gradStartColor><color value="#402776"/></gradStartColor><thickness><double value="8"/></thickness></styleBlock></styleBlock><styleSelector><simpleSelector value="zCircleFrame"/></styleSelector></styleDeclaration><styleDeclaration><styleBlock><styleBlock><borderAlpha><double value="1"/></borderAlpha><borderColor><color value="#FFFFFF"/></borderColor><borderThickness><double value="6"/></borderThickness><fillType><fillType value="linear"/></fillType><gradEndAlpha><double value="0.2"/></gradEndAlpha><gradEndColor><color value="#FFFFFF"/></gradEndColor><gradStartAlpha><double value="0"/></gradStartAlpha><gradStartColor><color value="#FFFFFF"/></gradStartColor><radius><double value="3"/></radius><thickness><double value="8"/></thickness></styleBlock></styleBlock><styleSelector><simpleSelector value="zRectangleFrame"/></styleSelector></styleDeclaration><styleDeclaration><styleBlock><styleBlock><padding><double value="1.2"/></padding></styleBlock></styleBlock><styleSelector><simpleSelector value="zText"/></styleSelector></styleDeclaration><styleDeclaration><styleBlock><styleBlock><color><color value="#FFFFE1"/></color><fontClass><string value="body"/></fontClass></styleBlock></styleBlock><styleSelector><simpleSelector value="zText.body"/></styleSelector></styleDeclaration><styleDeclaration><styleBlock><styleBlock><backgroundAlpha><double value="0.8"/></backgroundAlpha><backgroundColor><color value="#000000"/></backgroundColor><backgroundPadding><double value="20"/></backgroundPadding></styleBlock></styleBlock><styleSelector><simpleSelector value="zText.body-background"/></styleSelector></styleDeclaration><styleDeclaration><styleBlock><styleBlock><color><color value="#FFFFFF"/></color><fontClass><string value="head"/></fontClass></styleBlock></styleBlock><styleSelector><simpleSelector value="zText.title"/></styleSelector></styleDeclaration><styleDeclaration><styleBlock><styleBlock><backgroundAlpha><double value="0.9"/></backgroundAlpha><backgroundColor><color value="#402776"/></backgroundColor><backgroundPadding><double value="6"/></backgroundPadding></styleBlock></styleBlock><styleSelector><simpleSelector value="zText.title-background"/></styleSelector></styleDeclaration><styleDeclaration><styleBlock><styleBlock><color><color value="#FFFFE1"/></color><fontClass><string value="strong"/></fontClass></styleBlock></styleBlock><styleSelector><simpleSelector value="zText.subtitle"/></styleSelector></styleDeclaration><styleDeclaration><styleBlock><styleBlock><backgroundAlpha><double value="0.9"/></backgroundAlpha><backgroundColor><color value="#402776"/></backgroundColor><backgroundPadding><double value="8"/></backgroundPadding></styleBlock></styleBlock><styleSelector><simpleSelector value="zText.subtitle-background"/></styleSelector></styleDeclaration><styleDeclaration><styleBlock><styleBlock><color><color value="#FFFFFF"/></color></styleBlock></styleBlock><styleSelector><simpleSelector value="zLine"/></styleSelector></styleDeclaration><styleDeclaration><styleBlock><styleBlock><alpha><double value="0.85"/></alpha><color><color value="#21BFF2"/></color></styleBlock></styleBlock><styleSelector><simpleSelector value="zMarker"/></styleSelector></styleDeclaration><styleDeclaration><styleBlock><styleBlock><borderAlpha><double value="0"/></borderAlpha><gradEndAlpha><double value="1"/></gradEndAlpha><gradStartAlpha><double value="1"/></gradStartAlpha><radius><double value="0"/></radius><thickness><double value="100"/></thickness></styleBlock></styleBlock><styleSelector><simpleSelector value="zTriangle"/></styleSelector></styleDeclaration><styleDeclaration><styleBlock><styleBlock><borderAlpha><double value="0"/></borderAlpha><gradEndAlpha><double value="1"/></gradEndAlpha><gradStartAlpha><double value="1"/></gradStartAlpha><radius><double value="0"/></radius><thickness><double value="100"/></thickness></styleBlock></styleBlock><styleSelector><simpleSelector value="zSquare"/></styleSelector></styleDeclaration><styleDeclaration><styleBlock><styleBlock><thickness><double value="10"/></thickness></styleBlock></styleBlock><styleSelector><simpleSelector value="#23_79270521"/></styleSelector></styleDeclaration><styleDeclaration><styleBlock><styleBlock><thickness><double value="10"/></thickness></styleBlock></styleBlock><styleSelector><simpleSelector value="#33_30863873"/></styleSelector></styleDeclaration><styleDeclaration><styleBlock><styleBlock><thickness><double value="10"/></thickness></styleBlock></styleBlock><styleSelector><simpleSelector value="#34_30863873"/></styleSelector></styleDeclaration><styleDeclaration><styleBlock><styleBlock><thickness><double value="10"/></thickness></styleBlock></styleBlock><styleSelector><simpleSelector value="#35_30863873"/></styleSelector></styleDeclaration><styleDeclaration><styleBlock><styleBlock><thickness><double value="10"/></thickness></styleBlock></styleBlock><styleSelector><simpleSelector value="#36_30863873"/></styleSelector></styleDeclaration><styleDeclaration><styleBlock><styleBlock><thickness><double value="10"/></thickness></styleBlock></styleBlock><styleSelector><simpleSelector value="#4_79270521"/></styleSelector></styleDeclaration></array></styleDeclarations></documentStyle></documentStyle><path><array><flyToObject><target><ref value="1_24309637"/></target></flyToObject><flyToObject><target><ref value="28_30863873"/></target></flyToObject><flyToObject><target><ref value="29_30863873"/></target></flyToObject><flyToObject><target><ref value="31_30863873"/></target></flyToObject><flyToObject><target><ref value="3"/></target></flyToObject><flyToObject><target><ref value="7"/></target></flyToObject><flyToObject><target><ref value="10"/></target></flyToObject><flyToObject><target><ref value="32_30863873"/></target></flyToObject><flyToObject><target><ref value="5_30863873"/></target></flyToObject><flyToObject><target><ref value="15_30863873"/></target></flyToObject><flyToObject><target><ref value="14"/></target></flyToObject><flyToObject><target><ref value="30_30863873"/></target></flyToObject><flyToObject><target><ref value="17"/></target></flyToObject><flyToObject><target><ref value="18"/></target></flyToObject><flyToObject><target><ref value="5_79270521"/></target></flyToObject><flyToObject><target><ref value="7_79270521"/></target></flyToObject><flyToObject><target><ref value="11_79270521"/></target></flyToObject><flyToObject><target><ref value="15_79270521"/></target></flyToObject><flyToObject><target><ref value="18_79270521"/></target></flyToObject><flyToObject><target><ref value="22_79270521"/></target></flyToObject><flyToObject><target><ref value="25_79270521"/></target></flyToObject><flyToObject><target><ref value="29_79270521"/></target></flyToObject><flyToObject><target><ref value="32_79270521"/></target></flyToObject><flyToObject><target><ref value="1_24309637"/></target></flyToObject></array></path><zObjects><array><zInvisibleFrame><height><double value="673.5649802477071"/></height><id><string value="1_24309637"/></id><localToWorld><transform2D x="-2.108007800756572E-12" y="-5.406207109973761E-13" scale="62.996248292190984" rotation="0"/></localToWorld><styleClasses><array><token value="invisible"/></array></styleClasses><width><double value="1197.448853773701"/></width></zInvisibleFrame><zText><id><string value="2_24309637"/></id><localToWorld><transform2D x="-19281.15" y="-1447.1" scale="89.85774845330661" rotation="0"/></localToWorld><styleClasses><array><token value="title"/></array></styleClasses><text><text><width>348.9339291265141</width><p><span><![CDATA[CRITERIOS DE EXITO.]]></span></p><p><span><![CDATA[NIVEL DE CONFORMIDAD A]]></span></p></text></text></zText><zCircleFrame><height><double value="800"/></height><id><string value="28_30863873"/></id><localToWorld><transform2D x="7580.328681029305" y="-5654.829488711474" scale="20.43920113278714" rotation="0"/></localToWorld><styleClasses><array><token value="circle"/></array></styleClasses><width><double value="800"/></width></zCircleFrame><zCircleFrame><height><double value="600"/></height><id><string value="29_30863873"/></id><localToWorld><transform2D x="-2975.1820801163185" y="-15388.733383468436" scale="13.22707265355732" rotation="0"/></localToWorld><styleClasses><array><token value="circle"/></array></styleClasses><width><double value="600.3291278113"/></width></zCircleFrame><zCircleFrame><height><double value="800"/></height><id><string value="30_30863873"/></id><localToWorld><transform2D x="14033.840591951135" y="-17151.351409152187" scale="8.075552311250298" rotation="0"/></localToWorld><styleClasses><array><token value="circle"/></array></styleClasses><width><double value="800"/></width></zCircleFrame><zCircleFrame><height><double value="600"/></height><id><string value="31_30863873"/></id><localToWorld><transform2D x="-12505.100000000002" y="-9433.000000000004" scale="17.377311577218745" rotation="0"/></localToWorld><styleClasses><array><token value="circle"/></array></styleClasses><width><double value="600.250521920668"/></width></zCircleFrame><zCircleFrame><height><double value="800"/></height><id><string value="32_30863873"/></id><localToWorld><transform2D x="24521.627021706296" y="-11866.844152423815" scale="13.51729915171546" rotation="0"/></localToWorld><styleClasses><array><token value="circle"/></array></styleClasses><width><double value="800"/></width></zCircleFrame><zArrow><arcHeight><double value="-20.52594128777686"/></arcHeight><id><string value="33_30863873"/></id><localToWorld><transform2D x="1808.290333485078" y="-13127.309559490925" scale="29.88851356485649" rotation="0.465092063304311"/></localToWorld><startEndDistance><double value="-94.64923925296996"/></startEndDistance><styleClasses><array><token value="line3"/></array></styleClasses></zArrow><zArrow><arcHeight><double value="-22.377951720094806"/></arcHeight><id><string value="34_30863873"/></id><localToWorld><transform2D x="-3765.9933072787426" y="-8270.896799481105" scale="29.888513564856517" rotation="-2.674474178836435E-16"/></localToWorld><startEndDistance><double value="-234.2062017716922"/></startEndDistance><styleClasses><array><token value="line3"/></array></styleClasses></zArrow><zArrow><arcHeight><double value="-30.9592139898044"/></arcHeight><id><string value="35_30863873"/></id><localToWorld><transform2D x="16470.08265360746" y="-11951.948156020617" scale="29.888513564856495" rotation="-0.45052500272246654"/></localToWorld><startEndDistance><double value="169.06667876242716"/></startEndDistance><styleClasses><array><token value="line3"/></array></styleClasses></zArrow><zArrow><arcHeight><double value="-33.63775369697175"/></arcHeight><id><string value="36_30863873"/></id><localToWorld><transform2D x="8946.365821381487" y="-15878.71194200363" scale="29.888513564856467" rotation="-0.7853981633974499"/></localToWorld><startEndDistance><double value="138.84538990026581"/></startEndDistance><styleClasses><array><token value="line3"/></array></styleClasses></zArrow><zImage><assetSourceFilename><string value="logo.png"/></assetSourceFilename><height><double value="510"/></height><id><string value="35_79270521"/></id><localToWorld><transform2D x="7784.050000000001" y="-4157.700000000001" scale="7.6305091861722945" rotation="0"/></localToWorld><onlineAssetId><string value="4859355414"/></onlineAssetId><onlineAssetUrl><string value="http://0103.static.prezi.com.s3.amazonaws.com/media/2/e/f/94dc2c4405fa1c254af84b745be34956dd78f.png"/></onlineAssetUrl><width><double value="1440"/></width></zImage><zText><id><string value="12_4"/></id><localToWorld><transform2D x="7535.077849959003" y="-10846.251829438812" scale="45.059705638961006" rotation="0"/></localToWorld><styleClasses><array><token value="subtitle"/></array></styleClasses><text><text><width>220.4993900181616</width><p align="center"><span><![CDATA[NIVEL DE CONFORMIDAD A]]></span></p></text></text></zText><zText><id><string value="25_4"/></id><localToWorld><transform2D x="7537.233390994253" y="-7684.723775345338" scale="25.99922272370937" rotation="0"/></localToWorld><styleClasses><array><token value="body"/></array></styleClasses><text><text><width>491.32377848276815</width><p align="center"><span><![CDATA[ La página web debe satisfacer  los criterios de éxito del nivel A, o proporciona una versión alternativa conforme al nivel A. ]]></span></p></text></text></zText><zText><id><string value="6_30863873"/></id><localToWorld><transform2D x="-12550.806933432346" y="-11286.243807938945" scale="37.49489945556943" rotation="0"/></localToWorld><styleClasses><array><token value="title"/></array></styleClasses><text><text><width>220.4993900181616</width><p align="center"><span><![CDATA[CONTENIDO DEPENDIENTE DEL TIEMPO]]></span></p></text></text></zText><zText><id><string value="8_30863873"/></id><localToWorld><transform2D x="24552.84415801273" y="-14874.59829727424" scale="37.52141706913598" rotation="0"/></localToWorld><styleClasses><array><token value="title"/></array></styleClasses><text><text><width>220.4993900181616</width><p align="center"><span><![CDATA[PRINCIPIO DE ADAPTABILIDAD]]></span></p></text></text></zText><zText><id><string value="10_30863873"/></id><localToWorld><transform2D x="14029.62552973298" y="-19291.78671881109" scale="17.80314248355116" rotation="0"/></localToWorld><styleClasses><array><token value="title"/></array></styleClasses><text><text><width>239.96602464502328</width><p align="center"><span><![CDATA[PRINCIPIO DE DISTINGUIBILIDAD]]></span></p></text></text></zText><zText><id><string value="0_30863873"/></id><localToWorld><transform2D x="-3125.130820933894" y="-17778.039119810997" scale="17.504774292122654" rotation="0"/></localToWorld><styleClasses><array><token value="title"/></array></styleClasses><text><text><width>232.17521069639056</width><p align="center"><span><![CDATA[PRINCIPIO DE PERCEPTIBILIDAD]]></span></p></text></text></zText><zText><id><string value="1_30863873"/></id><localToWorld><transform2D x="-3124.8659143245013" y="-16026.50908279844" scale="11.110183056127442" rotation="0"/></localToWorld><styleClasses><array><token value="body"/></array></styleClasses><text><text><width>390.9237784827681</width><p align="center"><span weight="bold"><![CDATA[CONTENIDO NO TEXTUAL]]></span></p><p align="center"/></text></text></zText><zCircleFrame><height><double value="800"/></height><id><string value="5_30863873"/></id><localToWorld><transform2D x="21672.14827502964" y="-11111.75159891397" scale="4.166191099030084" rotation="0"/></localToWorld><styleClasses><array><token value="circle"/></array></styleClasses><width><double value="800"/></width></zCircleFrame><zText><id><string value="12_30863873"/></id><localToWorld><transform2D x="21671.5855763138" y="-12099.287845215098" scale="9.18467132537856" rotation="-6.295001093766601E-17"/></localToWorld><styleClasses><array><token value="subtitle"/></array></styleClasses><text><text><width>220.4993900181616</width><p align="center"><span><![CDATA[INFORMACIÓN Y SUS RELACIONES]]></span></p></text></text></zText><zText><id><string value="13_30863873"/></id><localToWorld><transform2D x="21674.90608018326" y="-10865.662283523385" scale="5.279208620966199" rotation="-4.363990405349955E-17"/></localToWorld><styleClasses><array><token value="body"/></array></styleClasses><text><text><width>472.3964094344456</width><p><span><![CDATA[El fin de este criterio de éxito es garantizar que la información y las relaciones se conservan cuando cambia el formato de presentación. ]]></span></p><p><span><![CDATA[Los usuarios videntes perciben las estructuras de la información por algunas    evidencias visuales que le son familiares]]></span></p><p align="center"><span><![CDATA[Este criterio trata de que estas relaciones que son perceptibles para un conjunto de   usuarios puedan ser perceptibles para todos. ]]></span></p></text></text></zText><zCircleFrame><height><double value="800"/></height><id><string value="15_30863873"/></id><localToWorld><transform2D x="25053.821614950863" y="-8876.650776458468" scale="4.166191099030084" rotation="0"/></localToWorld><styleClasses><array><token value="circle"/></array></styleClasses><width><double value="800"/></width></zCircleFrame><zText><id><string value="16_30863873"/></id><localToWorld><transform2D x="25053.04309641276" y="-9833.647145219064" scale="9.18467132537856" rotation="0"/></localToWorld><styleClasses><array><token value="subtitle"/></array></styleClasses><text><text><width>220.4993900181616</width><p align="center"><span><![CDATA[SECUENCIA CON SIGNIFICADO]]></span></p></text></text></zText><zText><id><string value="17_30863873"/></id><localToWorld><transform2D x="25053.13355103815" y="-8658.546693104932" scale="5.29950899692762" rotation="0"/></localToWorld><styleClasses><array><token value="body"/></array></styleClasses><text><text><width>517.0835078149477</width><p align="center"><span><![CDATA[El fin de este criterio de éxito es permitir a un agente de usuario ofrecer una presentación alternativa del contenido conservando el orden de lectura para comprenderlo. ]]></span></p><p align="center"><span><![CDATA[Es importante que sea posible determinar una secuencia de lectura del contenido que tenga sentido. ]]></span></p><p align="center"><span><![CDATA[  Este criterio ayuda a las personas que dependen de tecnologías de   asistencia que leen el contenido en voz alta ]]></span></p></text></text></zText><zImage><assetSourceFilename><string value="descarga.png"/></assetSourceFilename><height><double value="133"/></height><id><string value="0"/></id><localToWorld><transform2D x="7784.05" y="-703.0000000000005" scale="20.13163148308315" rotation="0"/></localToWorld><onlineAssetId><string value="4856380347"/></onlineAssetId><onlineAssetUrl><string value="http://0103.static.prezi.com.s3.amazonaws.com/media/f/0/e/1da26bcc36d7260cea2a160bcb4e6ab205af1.png"/></onlineAssetUrl><width><double value="378"/></width></zImage><zText><id><string value="1"/></id><localToWorld><transform2D x="-2950.126832820042" y="-16868.963278461753" scale="17.504774292122654" rotation="0"/></localToWorld><styleClasses><array><token value="subtitle"/></array></styleClasses><text><text><width>343.0265625</width><p><span><![CDATA[ALTERNATIVAS TEXTUALES]]></span></p></text></text></zText><zText><id><string value="2"/></id><localToWorld><transform2D x="-2452.5587785696534" y="-14403.365128374142" scale="11.110183056127442" rotation="0"/></localToWorld><styleClasses><array><token value="body"/></array></styleClasses><text><text><width>575.0999999999999</width><p><span><![CDATA[La finalidad de este criterio es hacer que la información de los   contenidos no textuales sea accesible a través del uso de un texto alternativo. ]]></span></p><p><span><![CDATA[Dichas alternativas pueden ser visuales, auditivas o táctiles.]]></span></p><p><span><![CDATA[Los textos alternativos también facilitan la traducción del texto a otro lenguaje ]]></span></p></text></text></zText><zCircleFrame><height><double value="800"/></height><id><string value="3"/></id><localToWorld><transform2D x="-15634.961681004528" y="-8374.5824343956" scale="3.066127060299513" rotation="0"/></localToWorld><styleClasses><array><token value="circle"/></array></styleClasses><width><double value="800"/></width></zCircleFrame><zText><id><string value="4"/></id><localToWorld><transform2D x="-15643.237495604137" y="-9276.2271971652" scale="5.0431799222121" rotation="0"/></localToWorld><styleClasses><array><token value="subtitle"/></array></styleClasses><text><text><width>185.80078125</width><p><span><![CDATA[AUDIO Y VIDEO PREGRABADOS]]></span></p></text></text></zText><zText><id><string value="5"/></id><localToWorld><transform2D x="-15522.94410594493" y="-8906.003540658614" scale="3.771920031202913" rotation="0"/></localToWorld><styleClasses><array><token value="body"/></array></styleClasses><text><text><width>487.9738606413405</width><p><span><![CDATA[El fin de este principio es hacer que la información de un vídeo o un audio sea disponible para todos los usuarios.]]></span></p></text></text></zText><zText><id><string value="6"/></id><localToWorld><transform2D x="-15643.132738457296" y="-8264.796944517295" scale="4.129424480785183" rotation="0"/></localToWorld><styleClasses><array><token value="body"/></array></styleClasses><text><text><width>552</width><p align="center"><span><![CDATA[La tecnología asistencial puede leer en voz alta el texto alternativo o convertirlo en braille.]]></span></p><p align="center"><span><![CDATA[También leer las alternativas textuales de los archivos de audio.]]></span></p><p align="center"><span><![CDATA[Para las personas sordo-ciegas se puede hacer una combinación de ambas alternativas. ]]></span></p></text></text></zText><zCircleFrame><height><double value="800"/></height><id><string value="7"/></id><localToWorld><transform2D x="-12702.658287225722" y="-6715.103535849365" scale="3.066124696092253" rotation="0"/></localToWorld><styleClasses><array><token value="circle"/></array></styleClasses><width><double value="800"/></width></zCircleFrame><zText><id><string value="8"/></id><localToWorld><transform2D x="-12707.686626396364" y="-7624.918654537481" scale="5.514008822281474" rotation="0"/></localToWorld><styleClasses><array><token value="subtitle"/></array></styleClasses><text><text><width>260.73046875</width><p align="center"><span><![CDATA[SUBTÍTULOS PREGRABADOS]]></span></p></text></text></zText><zText><id><string value="9"/></id><localToWorld><transform2D x="-12700.772660036731" y="-6772.091379783307" scale="4.536123996254051" rotation="0"/></localToWorld><styleClasses><array><token value="body"/></array></styleClasses><text><text><width>411.2</width><p><span><![CDATA[La intención de este criterio de éxito es lograr que las personas sordas o con    problemas de audición puedan ver presentaciones multimedia sincronizadas a través   de los títulos. ]]></span></p></text></text></zText><zCircleFrame><height><double value="800"/></height><id><string value="10"/></id><localToWorld><transform2D x="-10277.667978543088" y="-8101.673557212666" scale="3.066214084440325" rotation="0"/></localToWorld><styleClasses><array><token value="circle"/></array></styleClasses><width><double value="800"/></width></zCircleFrame><zText><id><string value="11"/></id><localToWorld><transform2D x="-10226.859320297994" y="-8852.175057558698" scale="4.536256240265912" rotation="0"/></localToWorld><styleClasses><array><token value="subtitle"/></array></styleClasses><text><text><width>267.55</width><p><span><![CDATA[DESCRIPCIONES DE AUDIO O MEDIOS DE COMUNICACIÓN ALTERNATIVOS]]></span></p></text></text></zText><zText><id><string value="12"/></id><localToWorld><transform2D x="-10296.71934935085" y="-8225.306503636039" scale="4.536256240265912" rotation="0"/></localToWorld><styleClasses><array><token value="body"/></array></styleClasses><text><text><width>488.8150655634116</width><p align="center"><span><![CDATA[El fin de este principio es ofrecer a las personas ciegas o con discapacidad visual la posibilidad de acceder a la información visual.]]></span></p></text></text></zText><zText><id><string value="13"/></id><localToWorld><transform2D x="-10296.7783668949" y="-7561.478074711587" scale="4.536256240265912" rotation="0"/></localToWorld><styleClasses><array><token value="body"/></array></styleClasses><text><text><width>478.8</width><p align="center"><span><![CDATA[Proporcionando una descripción auditiva del contenido visual o bien una descripción textual. ]]></span></p><p align="center"/></text></text></zText><zCircleFrame><height><double value="800"/></height><id><string value="14"/></id><localToWorld><transform2D x="27514.005957361103" y="-12264.64088214155" scale="4.166280037714009" rotation="0"/></localToWorld><styleClasses><array><token value="circle"/></array></styleClasses><width><double value="800"/></width></zCircleFrame><zText><id><string value="15"/></id><localToWorld><transform2D x="27456.851844937795" y="-13438.839867183771" scale="6.430842466755421" rotation="0"/></localToWorld><styleClasses><array><token value="subtitle"/></array></styleClasses><text><text><width>251.40234375</width><p align="center"><span><![CDATA[CARACTERÍSTICAS SENSORIALES]]></span></p></text></text></zText><zText><id><string value="16"/></id><localToWorld><transform2D x="27531.610388613848" y="-12235.300163386975" scale="4.9065408768518095" rotation="0"/></localToWorld><styleClasses><array><token value="body"/></array></styleClasses><text><text><width>552</width><p align="center"><span><![CDATA[El principio de este criterio es asegurar que todos los usuarios puedan acceder a las instrucciones que facilitan el uso del contenido, sin depender del conocimiento de la forma, el tamaño o posición de los objetos. ]]></span></p><p align="center"><span><![CDATA[Algunos usuarios no son capaces de percibir la forma o posición de los objetos    debido a la naturaleza de las ayudas técnicas que utilizan. ]]></span></p><p align="center"><span><![CDATA[Proporcionar información adicional a la forma o la ubicación puede ayudar a las personas con ceguera o baja visión a comprender la información que se les está transmitiendo. ]]></span></p></text></text></zText><zCircleFrame><height><double value="800"/></height><id><string value="17"/></id><localToWorld><transform2D x="12381.480991034396" y="-17575.153707841564" scale="2.0821853361099874" rotation="0"/></localToWorld><styleClasses><array><token value="circle"/></array></styleClasses><width><double value="800"/></width></zCircleFrame><zCircleFrame><height><double value="800"/></height><id><string value="18"/></id><localToWorld><transform2D x="14895.779624474097" y="-16986.410080010104" scale="2.293401102347356" rotation="0"/></localToWorld><styleClasses><array><token value="circle"/></array></styleClasses><width><double value="800"/></width></zCircleFrame><zText><id><string value="0_79270521"/></id><localToWorld><transform2D x="12375.468386398365" y="-18184.62411811952" scale="3.5097924692425777" rotation="0"/></localToWorld><styleClasses><array><token value="subtitle"/></array></styleClasses><text><text><width>-197.37890625</width><p><span><![CDATA[USO DEL COLOR]]></span></p></text></text></zText><zText><id><string value="1_79270521"/></id><localToWorld><transform2D x="12375.468386398365" y="-17544.282257250714" scale="2.710443933933892" rotation="0"/></localToWorld><styleClasses><array><token value="body"/></array></styleClasses><text><text><width>482.68359375</width><p align="center"><span><![CDATA[El fin de este criterio es asegurar que todo usuario podrá ver la información ofrecida a través del uso del color.]]></span></p><p align="center"><span><![CDATA[Este criterio ayuda a los usuarios que tienen deficiencias audiovisuales que les impida percibir los colores.]]></span></p><p align="center"><span><![CDATA[También ayudan a aquellas personas que tienen monitores en blanco y negro, o que no pueden acceder a la información presentada en color]]></span></p></text></text></zText><zText><id><string value="2_79270521"/></id><localToWorld><transform2D x="14903.648512389018" y="-17614.412523238887" scale="4.953330967849991" rotation="0"/></localToWorld><styleClasses><array><token value="subtitle"/></array></styleClasses><text><text><width>162.4263938472228</width><p align="center"><span><![CDATA[CONTROL DE AUDIO]]></span></p></text></text></zText><zText><id><string value="3_79270521"/></id><localToWorld><transform2D x="14895.59934956624" y="-16915.33305760796" scale="2.9534925894692865" rotation="0"/></localToWorld><styleClasses><array><token value="body"/></array></styleClasses><text><text><width>515.3601803680583</width><p align="center"><span><![CDATA[Este criterio se basa en dar la posibilidad al usuario de parar o bajar el volumen del sonido de una página web o de cualquier archivo de video o audio.]]></span></p><p align="center"><span><![CDATA[Esto beneficia a los usuarios que usan lectores de pantalla y que usan el volumen del sistema para aumentar o reducir el volumen.]]></span></p><p align="center"><span><![CDATA[También beneficia a las personas con problemas de concentración]]></span></p></text></text></zText><zArrow><arcHeight><double value="51.65499753692459"/></arcHeight><id><string value="4_79270521"/></id><localToWorld><transform2D x="-703.2824204636788" y="476.1337881090161" scale="29.888513564856513" rotation="2.9542554019903857"/></localToWorld><startEndDistance><double value="231.9207263696004"/></startEndDistance><styleClasses><array><token value="line3"/></array></styleClasses></zArrow><zCircleFrame><height><double value="800"/></height><id><string value="5_79270521"/></id><localToWorld><transform2D x="-5328.85" y="6885.650000000001" scale="13.032944184345157" rotation="0"/></localToWorld><styleClasses><array><token value="circle"/></array></styleClasses><width><double value="800"/></width></zCircleFrame><zText><id><string value="6_79270521"/></id><localToWorld><transform2D x="-5332.549999999999" y="3456.0000000000005" scale="36.44224480047757" rotation="0"/></localToWorld><styleClasses><array><token value="title"/></array></styleClasses><text><text><width>200.0464592989667</width><p align="center"><span><![CDATA[NIVEL DE OPERABILIDAD]]></span></p></text></text></zText><zCircleFrame><height><double value="800"/></height><id><string value="7_79270521"/></id><localToWorld><transform2D x="-8548.05" y="5979.3499999999985" scale="3.0662512236707653" rotation="0"/></localToWorld><styleClasses><array><token value="circle"/></array></styleClasses><width><double value="800"/></width></zCircleFrame><zText><id><string value="8_79270521"/></id><localToWorld><transform2D x="-8541.449999999999" y="5141.045312500001" scale="4.614828505810022" rotation="0"/></localToWorld><styleClasses><array><token value="subtitle"/></array></styleClasses><text><text><width>266.6953125</width><p align="center"><span><![CDATA[FUNCIONALIDAD DEL TECLADO]]></span></p></text></text></zText><zText><id><string value="9_79270521"/></id><localToWorld><transform2D x="-8478.51593984852" y="5541.201930207821" scale="4.614828505810022" rotation="0"/></localToWorld><styleClasses><array><token value="body"/></array></styleClasses><text><text><width>430.8046875</width><p><span><![CDATA[Teclado: se encarga de que siempre que sea posible se pueda operar con el contenido mediante el teclado.]]></span></p></text></text></zText><zText><id><string value="10_79270521"/></id><localToWorld><transform2D x="-8483.55" y="6167.849999999999" scale="4.253701864682697" rotation="0"/></localToWorld><styleClasses><array><token value="body"/></array></styleClasses><text><text><width>498.140625</width><p><span color="15724527"><![CDATA[Teclado no bloqueado: vela porque no haya contenido que bloquee el foco del teclado, si hay contenido accesible mediante foco el usuario tendrá la posibilidad de salir del componente usando el teclado. ]]></span></p></text></text></zText><zCircleFrame><height><double value="800"/></height><id><string value="11_79270521"/></id><localToWorld><transform2D x="-7362.799999999999" y="8395.050000000001" scale="3.066267388324868" rotation="0"/></localToWorld><styleClasses><array><token value="circle"/></array></styleClasses><width><double value="800"/></width></zCircleFrame><zText><id><string value="12_79270521"/></id><localToWorld><transform2D x="-7383.65" y="7538.150000000001" scale="5.2969423089244705" rotation="0"/></localToWorld><styleClasses><array><token value="subtitle"/></array></styleClasses><text><text><width>-250.04296875</width><p><span><![CDATA[TIEMPO SUFICIENTE]]></span></p></text></text></zText><zText><id><string value="13_79270521"/></id><localToWorld><transform2D x="-7362.15" y="7939.899999999996" scale="3.643949052191706" rotation="0"/></localToWorld><styleClasses><array><token value="body"/></array></styleClasses><text><text><width>504.0000000000001</width><p><span><![CDATA[Limite de tiempo ajustable: Trata de que los usuarios discapacitados tengan el tiempo suficiente para interactuar con el contenido de la web siempre que sea posible]]></span></p></text></text></zText><zText><id><string value="14_79270521"/></id><localToWorld><transform2D x="-7350.45" y="8536.450000000003" scale="3.990169479520716" rotation="0"/></localToWorld><styleClasses><array><token value="body"/></array></styleClasses><text><text><width>552</width><p><span><![CDATA[Limite de tiempo ajustable:]]></span><span color="15724527"><![CDATA[Trata de que los usuarios discapacitados tengan el tiempo suficiente para interactuar con el contenido de la web siempre que sea posible]]></span></p></text></text></zText><zCircleFrame><height><double value="800"/></height><id><string value="15_79270521"/></id><localToWorld><transform2D x="-3514.9999999999995" y="5894.099999999998" scale="3.0662679958499486" rotation="0"/></localToWorld><styleClasses><array><token value="circle"/></array></styleClasses><width><double value="800"/></width></zCircleFrame><zText><id><string value="16_79270521"/></id><localToWorld><transform2D x="-3512" y="5067.399999999992" scale="4.95333093729897" rotation="0"/></localToWorld><styleClasses><array><token value="subtitle"/></array></styleClasses><text><text><width>313.59375</width><p align="center"><span><![CDATA[PREVENIR ATAQUES ]]></span></p><p align="center"><span><![CDATA[Y/O CONVULSIONES]]></span></p></text></text></zText><zText><id><string value="17_79270521"/></id><localToWorld><transform2D x="-3511.824535383483" y="6009.434309331858" scale="4.397277106668714" rotation="0"/></localToWorld><styleClasses><array><token value="body"/></array></styleClasses><text><text><width>502.8584248175887</width><p align="center"><span color="15724527"><![CDATA[Tres destellos o por debajo del umbral: ]]></span></p><p align="center"><span color="15724527"><![CDATA[se encarga de que los usuarios puedan acceder al contenido de un sitio sin sufrir convulsiones por culpa de la fotosensibilidad, tratando de evitar que el contenido no sea la causa de parpadeos que violen los limites del flash]]></span></p><p/><p align="center"/></text></text></zText><zCircleFrame><height><double value="800"/></height><id><string value="18_79270521"/></id><localToWorld><transform2D x="-3954.500000000001" y="9221.999999999998" scale="4.209328304084575" rotation="0"/></localToWorld><styleClasses><array><token value="circle"/></array></styleClasses><width><double value="800"/></width></zCircleFrame><zText><id><string value="19_79270521"/></id><localToWorld><transform2D x="-4014.6963132400824" y="7918.639567122781" scale="6.6499114235460075" rotation="0"/></localToWorld><styleClasses><array><token value="subtitle"/></array></styleClasses><text><text><width>266.07421875</width><p align="center"><span><![CDATA[AYUDA A LA NAVEGACIÓN]]></span></p></text></text></zText><zText><id><string value="21_79270521"/></id><localToWorld><transform2D x="-3910.8" y="9254.9" scale="3.643949052191706" rotation="0"/></localToWorld><styleClasses><array><token value="body"/></array></styleClasses><text><text><width>710.1804444867793</width><p><span><![CDATA[ Saltar bloques: su intención es permitir que los usuarios ]]></span><span color="15724527"><![CDATA[que navegan de manera secuencial puedan acceder de forma directa al contenido principal, sin repetir bloques.]]></span></p><p><span color="15724527"><![CDATA[Títulos de la página:permite a los usuarios encontrar el contenido y orientarse en este asegurando que cada pagina posea un titulo descriptivo, así los usuarios identifican la información del contenido de manera rápida y fácil.]]></span></p><p><span color="15724527"><![CDATA[Orden del foco: pretende que la información en la que se encuentra el usuario sea presentada de forma coherente y pudiendo navegar por el contenido secuencial mediante el teclado.]]></span></p><p align="center"><span color="15724527"><![CDATA[Propósito de los enlaces(en contexto): pretende que los usuarios entiendan el propósito de cada uno de los enlaces para decidir si seguirlo o no, la tecnología de asistencia puede proporcionar al usuario una lista con los enlaces que se encuentran en la pagina web]]></span><span><![CDATA[, los enlaces con el mismo destino han de tener las mismas descripciones mientras que los que tienen distinto destino deben poseer diferentes descripciones.]]></span></p></text></text></zText><zCircleFrame><height><double value="800"/></height><id><string value="22_79270521"/></id><localToWorld><transform2D x="25054.75" y="2484.9999999999995" scale="18.63945184848833" rotation="0"/></localToWorld><styleClasses><array><token value="circle"/></array></styleClasses><width><double value="800"/></width></zCircleFrame><zArrow><arcHeight><double value="-26.54624808975601"/></arcHeight><id><string value="23_79270521"/></id><localToWorld><transform2D x="17959.22380114033" y="-4768.433956257114" scale="29.888513564856517" rotation="0.5235987755982983"/></localToWorld><startEndDistance><double value="169.40384814979961"/></startEndDistance><styleClasses><array><token value="line3"/></array></styleClasses></zArrow><zText><id><string value="24_79270521"/></id><localToWorld><transform2D x="24863.449999999997" y="-3146.012500000001" scale="35.26226353169301" rotation="0"/></localToWorld><styleClasses><array><token value="title"/></array></styleClasses><text><text><width>257.3671875</width><p align="center"><span><![CDATA[NIVEL DE COMPRENSIÓN]]></span></p></text></text></zText><zCircleFrame><height><double value="800"/></height><id><string value="25_79270521"/></id><localToWorld><transform2D x="21608.14999999999" y="239.8499999999999" scale="5.908761421746445" rotation="0"/></localToWorld><styleClasses><array><token value="circle"/></array></styleClasses><width><double value="800"/></width></zCircleFrame><zText><id><string value="26_79270521"/></id><localToWorld><transform2D x="21586.602543499044" y="-1620.0525731826351" scale="11.229944756201355" rotation="0"/></localToWorld><styleClasses><array><token value="subtitle"/></array></styleClasses><text><text><width>-162.71484375</width><p><span><![CDATA[LEGIBILIDAD]]></span></p></text></text></zText><zText><id><string value="27_79270521"/></id><localToWorld><transform2D x="21586.612170601536" y="-683.1095235824819" scale="6.284298130125478" rotation="0"/></localToWorld><styleClasses><array><token value="body"/></array></styleClasses><text><text><width>571.5196837444408</width><p align="center"><span><![CDATA[Idioma de la página: ]]></span></p><p align="center"><span><![CDATA[se encarga de que las personas que desarrollan contenido para la web suministren la suficiente información para presentar el texto y otros contenidos lingüísticos de manera correcta, por lo que el idioma de la pagina debe estar identificado.]]></span></p><p/></text></text></zText><zText><id><string value="28_79270521"/></id><localToWorld><transform2D x="21586.672730653772" y="738.1787985564358" scale="6.284298130125478" rotation="0"/></localToWorld><styleClasses><array><token value="body"/></array></styleClasses><text><text><width>660.6279271376008</width><p align="center"><span><![CDATA[Idioma de las partes: su intención es ]]></span></p><p align="center"><span><![CDATA[que los usuarios presenten correctamente el contenido escrito en varios idiomas]]></span></p><p align="center"/><p align="center"><span><![CDATA[Palabras inusuales: trata de presentar un mecanismo para identificar definiciones de palabras o frases usadas de manera inusual como modismos o jergas.]]></span></p><p/></text></text></zText><zCircleFrame><height><double value="800"/></height><id><string value="29_79270521"/></id><localToWorld><transform2D x="29044.1" y="2226.000000000001" scale="5.908791352111346" rotation="0"/></localToWorld><styleClasses><array><token value="circle"/></array></styleClasses><width><double value="800"/></width></zCircleFrame><zText><id><string value="30_79270521"/></id><localToWorld><transform2D x="29038.344695034342" y="441.0834075426319" scale="12.060028251121995" rotation="0"/></localToWorld><styleClasses><array><token value="subtitle"/></array></styleClasses><text><text><width>-154.67578125</width><p><span><![CDATA[PREDICCIÓN]]></span></p></text></text></zText><zText><id><string value="31_79270521"/></id><localToWorld><transform2D x="29038.69562826397" y="2496.3589600938144" scale="7.668204603553656" rotation="0"/></localToWorld><styleClasses><array><token value="body"/></array></styleClasses><text><text><width>546.7952879962631</width><p align="center"><span><![CDATA[Foco: este criterio se encarga de que la funcionalidad sea predecible y que cualquier componete que llame a un evento cuando recibe el foco no cambie de contexto por ejemplo los formularios enviados automáticamente o nuevas ventanas que se ponen en marcha automáticamente]]></span></p><p align="center"><span><![CDATA[Introducción de datos: Se encarga de que la introducción de datos o la selección de un control de formularios tenga un efecto predecible]]></span></p><p/></text></text></zText><zCircleFrame><height><double value="800"/></height><id><string value="32_79270521"/></id><localToWorld><transform2D x="23950.35" y="5422.4" scale="5.9087723184746155" rotation="0"/></localToWorld><styleClasses><array><token value="circle"/></array></styleClasses><width><double value="800"/></width></zCircleFrame><zText><id><string value="33_79270521"/></id><localToWorld><transform2D x="23970.4" y="3757.749999999999" scale="8.837125752405083" rotation="0"/></localToWorld><styleClasses><array><token value="subtitle"/></array></styleClasses><text><text><width>299.8125</width><p align="center"><span><![CDATA[EVITAR Y CORREGIR RIESGOS]]></span></p></text></text></zText><zText><id><string value="34_79270521"/></id><localToWorld><transform2D x="23970.050000000003" y="5780.950000000003" scale="8.837125752405083" rotation="0"/></localToWorld><styleClasses><array><token value="body"/></array></styleClasses><text><text><width>429.2864229379707</width><p align="center"><span><![CDATA[Identificación de errores: Se encarga de que los usuarios se den cuenta de que ha ocurrido un error y cual es, por lo que hay que describir al usuario el error de manera que lo entienda]]></span></p><p align="center"><span><![CDATA[Etiquetas o instrucciones: Su misión es evitar que el usuario cometa errores en la entrada de datos, una buena interfaz debe dar instrucciones claras y sencillas al usuario]]></span></p><p/></text></text></zText></array></zObjects></prezi>